See Correspondents below,
NBC Television,
Network,
Host,
Syndication,
Producer,
Associate Producer,
Coordinating Producer,
ABC Productions,
Vin Di Bona Productions,
Producers,
Strathmore Productions,
Dean Hargrove Productions,
The Fred Silverman Company,
Strathmore Productions,
Dean Hargrove Productions,
and,&
his band,
".*?\sInc\.",
",\s?([JS]r\.)"," \1"
"\[.*\]",
as the Video Ranger,
Among many others,
20th Century Fox,
1992 1993,
1993 1994,
3Ball Production,
20th Television,
20th Century Fox Television,
Warner Bros\. Television Productions UK,
Productions,
Television,
see List of Mad TV cast members,
the CBS Orchestra,
The Max Weinberg 7,
List of cast members,
Passions cast list,
Series cast,
Present cast,
Former cast,
a cast of over 200 actors in primary,
Encyclop√¶dia Britannica,
\[nb 1\],
Friday TV,
Different cast each week,
Teletoon Original Production,
WGN TV,
